Workbook

Sheet 路线图仪表盘
A1: Vision Demo 路线图仪表盘
A2: 数据自动汇总自“全部功能路线图”。请在主表维护状态、优先级、计划版本和负责人。
B4: 功能总数 | E4: 已完成 | H4: P0／P1 | K4: 待认领
B5: =COUNTA('全部功能路线图'!$A$5:$A$84) | E5: =COUNTIF('全部功能路线图'!$L$5:$L$84,"已完成") | H5: =COUNTIF('全部功能路线图'!$K$5:$K$84,"P0")+COUNTIF('全部功能路线图'!$K$5:$K$84,"P1") | K5: =COUNTIF('全部功能路线图'!$Q$5:$Q$84,"待认领")
B9: 状态分布 | E9: 模块分布
B10: 待评估 | C10: =COUNTIF('全部功能路线图'!$L$5:$L$84,B10) | E10: 基础体验 | F10: =COUNTIF('全部功能路线图'!$B$5:$B$84,E10)
B11: 已规划 | C11: =COUNTIF('全部功能路线图'!$L$5:$L$84,B11) | E11: 协作推广 | F11: =COUNTIF('全部功能路线图'!$B$5:$B$84,E11)
B12: 设计中 | C12: =COUNTIF('全部功能路线图'!$L$5:$L$84,B12) | E12: 项目协作 | F12: =COUNTIF('全部功能路线图'!$B$5:$B$84,E12)
B13: 开发中 | C13: =COUNTIF('全部功能路线图'!$L$5:$L$84,B13) | E13: 需求管理 | F13: =COUNTIF('全部功能路线图'!$B$5:$B$84,E13)
B14: 待验收 | C14: =COUNTIF('全部功能路线图'!$L$5:$L$84,B14) | E14: 代码仓库 | F14: =COUNTIF('全部功能路线图'!$B$5:$B$84,E14)
B15: 已完成 | C15: =COUNTIF('全部功能路线图'!$L$5:$L$84,B15) | E15: 代码质量 | F15: =COUNTIF('全部功能路线图'!$B$5:$B$84,E15)
B16: 已暂停 | C16: =COUNTIF('全部功能路线图'!$L$5:$L$84,B16) | E16: 流水线 | F16: =COUNTIF('全部功能路线图'!$B$5:$B$84,E16)
B17: 不采纳 | C17: =COUNTIF('全部功能路线图'!$L$5:$L$84,B17) | E17: 制品管理 | F17: =COUNTIF('全部功能路线图'!$B$5:$B$84,E17)
E18: 部署管理 | F18: =COUNTIF('全部功能路线图'!$B$5:$B$84,E18)
E19: 测试管理 | F19: =COUNTIF('全部功能路线图'!$B$5:$B$84,E19)
B22: 首轮评审建议
B23: 1. 先确认 P0 主路径是否覆盖部门沟通需要。
B24: 2. 将“待认领”条目分配到角色或具体负责人。
B25: 3. 将确认后的日期从“建议排期”改为“已确认”。
B26: 4. 对每个 v0.2 条目补齐设计稿和验收人。
B27: 5. 双周复盘一次状态、阻塞与范围边界。

Sheet 全部功能路线图
A1: Vision Demo 全部功能路线图 v0.1
A2: 初版依据当前代码、导航和已实现页面整理。未来日期均为建议节奏，只有“排期状态=已确认”才视为正式承诺；实现边界默认面向 Demo 模拟，不代表建设真实业务后端。
A4: 功能编号 | B4: 一级模块 | C4: 二级模块 | D4: 功能名称 | E4: 类型 | F4: 核心演示路径 | G4: 实现边界 | H4: 使用场景与价值 | I4: 需求来源 | J4: 需求部门 | K4: 优先级 | L4: 状态 | M4: 当前成熟度 | N4: 目标成熟度 | O4: 当前实现说明 | P4: 下一步动作 | Q4: 负责人 | R4: 协作角色 | S4: 计划版本 | T4: 排期状态 | U4: 目标完成时间 | V4: 设计稿 | W4: Demo 入口 | X4: 验收标准 | Y4: 依赖与风险 | Z4: 最新进展／阻塞项 | AA4: 验收结果 | AB4: 实际完成时间 | AC4: 最后更新时间
A5: DEMO-001 | B5: 基础体验 | C5: 应用框架 | D5: 项目级应用壳层与导航 | E5: 现有能力 | F5: 是 | G5: UI 交互 + 数据联动 | H5: 让不同部门在统一的信息架构中定位项目与研发活动。 | I5: 现有 Demo 实现 | J5: 产品、研发、设计 | K5: P0 | L5: 已完成 | M5: L3 数据联动 | N5: L3 数据联动 | O5: 已完成页面、关键交互和示例数据联动。 | P5: 纳入回归清单，持续根据部门反馈微调。 | Q5: Demo 小组 | R5: 产品、设计、前端 | S5: v0.1 | T5: 已确认 | U5: 46246 | W5: http://127.0.0.1:5173/demo/#/projects/lighting/overview | X5: 页面可稳定访问；主要交互可操作；刷新和页面跳转后数据语义一致。 | Y5: 需防止后续修改破坏跨页面数据一致性。 | Z5: 已完成并通过本地类型、构建与页面回归。 | AA5: 通过 | AB5: 46246 | AC5: 46246
A6: DEMO-002 | B6: 基础体验 | C6: 项目切换 | D6: 多项目切换与导航状态保持 | E6: 现有能力 | F6: 否 | G6: UI 交互 + 数据联动 | H6: 演示同一套能力在不同项目上下文中的复用。 | I6: 现有 Demo 实现 | J6: 产品、研发、设计 | K6: P1 | L6: 已完成 | M6: L3 数据联动 | N6: L3 数据联动 | O6: 已完成页面、关键交互和示例数据联动。 | P6: 纳入回归清单，持续根据部门反馈微调。 | Q6: Demo 小组 | R6: 产品、设计、前端 | S6: v0.1 | T6: 已确认 | U6: 46246 | W6: http://127.0.0.1:5173/demo/#/projects/lighting/overview | X6: 页面可稳定访问；主要交互可操作；刷新和页面跳转后数据语义一致。 | Y6: 需防止后续修改破坏跨页面数据一致性。 | Z6: 已完成并通过本地类型、构建与页面回归。 | AA6: 通过 | AB6: 46246 | AC6: 46246
A7: DEMO-003 | B7: 基础体验 | C7: 主题 | D7: 浅色／深色主题切换 | E7: 现有能力 | F7: 否 | G7: UI 交互 + 数据联动 | H7: 验证设计系统变量和组件在双主题下的一致性。 | I7: 现有 Demo 实现 | J7: 产品、研发、设计 | K7: P1 | L7: 已完成 | M7: L3 数据联动 | N7: L3 数据联动 | O7: 已完成页面、关键交互和示例数据联动。 | P7: 纳入回归清单，持续根据部门反馈微调。 | Q7: Demo 小组 | R7: 产品、设计、前端 | S7: v0.1 | T7: 已确认 | U7: 46246 | W7: http://127.0.0.1:5173/demo/#/projects/lighting/overview | X7: 页面可稳定访问；主要交互可操作；刷新和页面跳转后数据语义一致。 | Y7: 需防止后续修改破坏跨页面数据一致性。 | Z7: 已完成并通过本地类型、构建与页面回归。 | AA7: 通过 | AB7: 46246 | AC7: 46246
A8: DEMO-004 | B8: 基础体验 | C8: 路由 | D8: 关键页面深链接 | E8: 现有能力 | F8: 是 | G8: UI 交互 + 数据联动 | H8: 会议和异步沟通时可直接分享具体功能页面。 | I8: 现有 Demo 实现 | J8: 产品、研发、设计 | K8: P0 | L8: 已完成 | M8: L3 数据联动 | N8: L3 数据联动 | O8: 已完成页面、关键交互和示例数据联动。 | P8: 纳入回归清单，持续根据部门反馈微调。 | Q8: Demo 小组 | R8: 产品、设计、前端 | S8: v0.1 | T8: 已确认 | U8: 46246 | W8: http://127.0.0.1:5173/demo/#/projects/lighting/code/repositories/flight-control-core | X8: 页面可稳定访问；主要交互可操作；刷新和页面跳转后数据语义一致。 | Y8: 需防止后续修改破坏跨页面数据一致性。 | Z8: 已完成并通过本地类型、构建与页面回归。 | AA8: 通过 | AB8: 46246 | AC8: 46246
A9: DEMO-005 | B9: 基础体验 | C9: 全局搜索 | D9: 跨模块全局搜索 | E9: 新功能 | F9: 否 | G9: Demo 模拟 | H9: 通过一个入口快速定位仓库、需求、流水线、应用与测试对象。 | I9: 跨部门推广规划 | J9: 产品、研发 | K9: P1 | L9: 已规划 | M9: L0 占位可达 | N9: L3 数据联动 | O9: 当前导航可达，使用通用占位页面。 | P9: 补齐关键场景、示例数据和核心交互。 | Q9: 待认领 | R9: 产品、设计、前端 | S9: v0.3 | T9: 建议排期 | U9: 46283 | W9: http://127.0.0.1:5173/demo/#/projects/lighting/overview | X9: 可从导航进入；核心信息完整；关键交互可操作；数据在相关页面间保持一致。 | Y9: 需确认部门共识与设计稿；仅模拟核心流程，不建设真实后端。 | Z9: 待评审范围与负责人。 | AA9: 未开始 | AC9: 46246
A10: DEMO-006 | B10: 基础体验 | C10: 通知 | D10: 通知中心与待办提示 | E10: 新功能 | F10: 否 | G10: Demo 模拟 | H10: 模拟评审、流水线失败、部署完成等跨模块提醒。 | I10: 跨部门推广规划 | J10: 产品、研发、测试、运维 | K10: P2 | L10: 已规划 | M10: L0 占位可达 | N10: L3 数据联动 | O10: 当前导航可达，使用通用占位页面。 | P10: 补齐关键场景、示例数据和核心交互。 | Q10: 待认领 | R10: 产品、设计、前端 | S10: v0.4 | T10: 建议排期 | U10: 46311 | X10: 可从导航进入；核心信息完整；关键交互可操作；数据在相关页面间保持一致。 | Y10: 需确认部门共识与设计稿；仅模拟核心流程，不建设真实后端。 | Z10: 待评审范围与负责人。 | AA10: 未开始 | AC10: 46246
A11: DEMO-007 | B11: 基础体验 | C11: 响应式 | D11: 常用桌面分辨率适配 | E11: 体验优化 | F11: 否 | G11: Demo 模拟 | H11: 保证会议室大屏、笔记本和小屏窗口下都可顺畅演示。 | I11: 跨部门推广规划 | J11: 全体部门 | K11: P1 | L11: 已规划 | M11: L2 可交互 | N11: L3 数据联动 | O11: 核心仓库页面已有小屏优化，但尚未形成统一回归矩阵。 | P11: 补齐关键场景、示例数据和核心交互。 | Q11: 待认领 | R11: 产品、设计、前端 | S11: v0.2 | T11: 建议排期 | U11: 46262 | W11: http://127.0.0.1:5173/demo/#/projects/lighting/code/repositories/flight-control-core | X11: 可从导航进入；核心信息完整；关键交互可操作；数据在相关页面间保持一致。 | Y11: 需确认部门共识与设计稿；仅模拟核心流程，不建设真实后端。 | Z11: 待评审范围与负责人。 | AA11: 未开始 | AC11: 46246
A12: DEMO-008 | B12: 基础体验 | C12: 无障碍 | D12: 键盘与可访问性基线 | E12: 体验优化 | F12: 否 | G12: Demo 模拟 | H12: 降低演示操作门槛，并保证组件语义与焦点状态一致。 | I12: 跨部门推广规划 | J12: 产品、研发 | K12: P2 | L12: 已规划 | M12: L0 占位可达 | N12: L3 数据联动 | O12: 当前导航可达，使用通用占位页面。 | P12: 补齐关键场景、示例数据和核心交互。 | Q12: 待认领 | R12: 产品、设计、前端 | S12: v0.4 | T12: 建议排期 | U12: 46311 | X12: 可从导航进入；核心信息完整；关键交互可操作；数据在相关页面间保持一致。 | Y12: 需确认部门共识与设计稿；仅模拟核心流程，不建设真实后端。 | Z12: 待评审范围与负责人。 | AA12: 未开始 | AC12: 46246
A13: DEMO-009 | B13: 基础体验 | C13: 数据治理 | D13: 统一轻量示例数据源 | E13: 现有能力 | F13: 是 | G13: UI 交互 + 数据联动 | H13: 让仓库、提交、分支、标签和合并请求呈现同一真实叙事。 | I13: 现有 Demo 实现 | J13: 产品、研发、设计 | K13: P0 | L13: 已完成 | M13: L3 数据联动 | N13: L3 数据联动 | O13: 所有示例仓库已指向统一数据模型，计数和关联关系由数据计算。 | P13: 纳入回归清单，持续根据部门反馈微调。 | Q13: Demo 小组 | R13: 产品、设计、前端 | S13: v0.1 | T13: 已确认 | U13: 46246 | W13: http://127.0.0.1:5173/demo/#/projects/lighting/code/repositories/flight-control-core | X13: 页面可稳定访问；主要交互可操作；刷新和页面跳转后数据语义一致。 | Y13: 需防止后续修改破坏跨页面数据一致性。 | Z13: 已完成并通过本地类型、构建与页面回归。 | AA13: 通过 | AB13: 46246 | AC13: 46246
A14: DEMO-010 | B14: 协作推广 | C14: 反馈闭环 | D14: 部门反馈收集与回链 | E14: 协作治理 | F14: 否 | G14: Demo 模拟 | H14: 让使用者从页面问题快速回链到路线图条目和设计稿。 | I14: 跨部门推广规划 | J14: 全体部门 | K14: P0 | L14: 已规划 | M14: L0 占位可达 | N14: L2 可交互 | O14: 当前导航可达，使用通用占位页面。 | P14: 补齐关键场景、示例数据和核心交互。 | Q14: Demo 运营 | R14: 产品、设计、研发代表 | S14: v0.2 | T14: 建议排期 | U14: 46262 | X14: 提供统一反馈入口；每条反馈可关联功能编号、页面、截图、提出部门与处理状态。 | Y14: 需确认部门共识与设计稿；仅模拟核心流程，不建设真实后端。 | Z14: 待评审范围与负责人。 | AA14: 未开始 | AC14: 46246
A15: DEMO-011 | B15: 协作推广 | C15: 变更沟通 | D15: 版本更新日志 | E15: 协作治理 | F15: 否 | G15: Demo 模拟 | H15: 让部门清楚每次更新新增了什么、调整了什么、是否影响既有演示路径。 | I15: 跨部门推广规划 | J15: 全体部门 | K15: P1 | L15: 已规划 | M15: L0 占位可达 | N15: L2 可交互 | O15: 当前导航可达，使用通用占位页面。 | P15: 补齐关键场景、示例数据和核心交互。 | Q15: Demo 运营 | R15: 产品、设计、前端 | S15: v0.2 | T15: 建议排期 | U15: 46262 | X15: 可从导航进入；核心信息完整；关键交互可操作；数据在相关页面间保持一致。 | Y15: 需确认部门共识与设计稿；仅模拟核心流程，不建设真实后端。 | Z15: 待评审范围与负责人。 | AA15: 未开始 | AC15: 46246
A16: DEMO-012 | B16: 协作推广 | C16: 使用支持 | D16: Demo 使用指南与讲解脚本 | E16: 内容补充 | F16: 否 | G16: Demo 模拟 | H16: 帮助非建设人员独立完成核心场景演示。 | I16: 跨部门推广规划 | J16: 全体部门 | K16: P1 | L16: 已规划 | M16: L0 占位可达 | N16: L2 可交互 | O16: 当前导航可达，使用通用占位页面。 | P16: 补齐关键场景、示例数据和核心交互。 | Q16: 产品 | R16: 产品、设计、业务代表 | S16: v0.2 | T16: 建议排期 | U16: 46262 | X16: 可从导航进入；核心信息完整；关键交互可操作；数据在相关页面间保持一致。 | Y16: 需确认部门共识与设计稿；仅模拟核心流程，不建设真实后端。 | Z16: 待评审范围与负责人。 | AA16: 未开始 | AC16: 46246
A17: DEMO-013 | B17: 项目协作 | C17: 项目概览 | D17: 项目概览仪表盘 | E17: 现有能力 | F17: 否 | G17: 静态展示 + 局部交互 | H17: 用需求、流水线、缺陷和环境指标建立项目全局认知。 | I17: 现有 Demo 实现 | J17: 产品、研发、设计 | K17: P1 | L17: 已完成 | M17: L3 数据联动 | N17: L3 数据联动 | O17: 已完成页面、关键交互和示例数据联动。 | P17: 纳入回归清单，持续根据部门反馈微调。 | Q17: Demo 小组 | R17: 产品、设计、前端 | S17: v0.1 | T17: 已确认 | U17: 46246 | W17: http://127.0.0.1:5173/demo/#/projects/lighting/overview | X17: 页面可稳定访问；主要交互可操作；刷新和页面跳转后数据语义一致。 | Y17: 需防止后续修改破坏跨页面数据一致性。 | Z17: 已完成并通过本地类型、构建与页面回归。 | AA17: 通过 | AB17: 46246 | AC17: 46246
A18: DEMO-014 | B18: 项目协作 | C18: 项目管理 | D18: 项目管理总览 | E18: 新功能 | F18: 否 | G18: Demo 模拟 | H18: 集中展示项目成员、迭代、里程碑和近期活动。 | I18: 跨部门推广规划 | J18: 产品、项目管理、研发 | K18: P2 | L18: 已规划 | M18: L0 占位可达 | N18: L3 数据联动 | O18: 当前导航可达，使用通用占位页面。 | P18: 补齐关键场景、示例数据和核心交互。 | Q18: 待认领 | R18: 产品、设计、前端 | S18: v0.4 | T18: 建议排期 | U18: 46311 | W18: http://127.0.0.1:5173/demo/#/projects/lighting/management | X18: 可从导航进入；核心信息完整；关键交互可操作；数据在相关页面间保持一致。 | Y18: 需确认部门共识与设计稿；仅模拟核心流程，不建设真实后端。 | Z18: 待评审范围与负责人。 | AA18: 未开始 | AC18: 46246
A19: DEMO-015 | B19: 项目协作 | C19: 项目管理 | D19: 成员与角色 | E19: 新功能 | F19: 否 | G19: Demo 模拟 | H19: 模拟项目成员、角色和职责分工，支撑跨部门协作讨论。 | I19: 跨部门推广规划 | J19: 项目管理、研发 | K19: P3 | L19: 已规划 | M19: L0 占位可达 | N19: L3 数据联动 | O19: 当前导航可达，使用通用占位页面。 | P19: 补齐关键场景、示例数据和核心交互。 | Q19: 待认领 | R19: 产品、设计、前端 | S19: v1.0 | T19: 建议排期 | U19: 46325 | X19: 可从导航进入；核心信息完整；关键交互可操作；数据在相关页面间保持一致。 | Y19: 需确认部门共识与设计稿；仅模拟核心流程，不建设真实后端。 | Z19: 待评审范围与负责人。 | AA19: 未开始 | AC19: 46246
A20: DEMO-016 | B20: 项目协作 | C20: 项目管理 | D20: 迭代与里程碑 | E20: 新功能 | F20: 否 | G20: Demo 模拟 | H20: 用统一时间轴连接需求、研发、测试和发布计划。 | I20: 跨部门推广规划 | J20: 产品、项目管理、研发、测试 | K20: P1 | L20: 已规划 | M20: L0 占位可达 | N20: L3 数据联动 | O20: 当前导航可达，使用通用占位页面。 | P20: 补齐关键场景、示例数据和核心交互。 | Q20: 待认领 | R20: 产品、设计、前端 | S20: v0.4 | T20: 建议排期 | U20: 46311 | X20: 可从导航进入；核心信息完整；关键交互可操作；数据在相关页面间保持一致。 | Y20: 需确认部门共识与设计稿；仅模拟核心流程，不建设真实后端。 | Z20: 待评审范围与负责人。 | AA20: 未开始 | AC20: 46246
A21: DEMO-017 | B21: 需求管理 | C21: 需求列表 | D21: 需求列表与筛选 | E21: 新功能 | F21: 否 | G21: Demo 模拟 | H21: 按状态、负责人、优先级和迭代浏览需求。 | I21: 跨部门推广规划 | J21: 产品、研发、测试 | K21: P1 | L21: 已规划 | M21: L0 占位可达 | N21: L3 数据联动 | O21: 当前导航可达，使用通用占位页面。 | P21: 补齐关键场景、示例数据和核心交互。 | Q21: 待认领 | R21: 产品、设计、前端 | S21: v0.3 | T21: 建议排期 | U21: 46283 | W21: http://127.0.0.1:5173/demo/#/projects/lighting/requirements | X21: 可从导航进入；核心信息完整；关键交互可操作；数据在相关页面间保持一致。 | Y21: 需确认部门共识与设计稿；仅模拟核心流程，不建设真实后端。 | Z21: 待评审范围与负责人。 | AA21: 未开始 | AC21: 46246
A22: DEMO-018 | B22: 需求管理 | C22: 需求详情 | D22: 需求详情与状态流转 | E22: 新功能 | F22: 否 | G22: Demo 模拟 | H22: 围绕一个需求展示描述、负责人、验收标准和协作记录。 | I22: 跨部门推广规划 | J22: 产品、研发、测试 | K22: P1 | L22: 已规划 | M22: L0 占位可达 | N22: L3 数据联动 | O22: 当前导航可达，使用通用占位页面。 | P22: 补齐关键场景、示例数据和核心交互。 | Q22: 待认领 | R22: 产品、设计、前端 | S22: v0.3 | T22: 建议排期 | U22: 46283 | X22: 可从导航进入；核心信息完整；关键交互可操作；数据在相关页面间保持一致。 | Y22: 需确认部门共识与设计稿；仅模拟核心流程，不建设真实后端。 | Z22: 待评审范围与负责人。 | AA22: 未开始 | AC22: 46246
A23: DEMO-019 | B23: 需求管理 | C23: 追溯关系 | D23: 需求—代码—测试—发布追溯 | E23: 新功能 | F23: 是 | G23: Demo 模拟 | H23: 展示需求如何关联提交、合并请求、测试结果和发布版本。 | I23: 跨部门推广规划 | J23: 产品、研发、测试、质量 | K23: P0 | L23: 已规划 | M23: L0 占位可达 | N23: L4 端到端叙事 | O23: 当前导航可达，使用通用占位页面。 | P23: 补齐关键场景、示例数据和核心交互。 | Q23: 待认领 | R23: 产品、设计、前端 | S23: v1.0 | T23: 建议排期 | U23: 46325 | X23: 从需求详情可进入关联提交、合并请求、测试结果和发布记录；对象编号与状态一致。 | Y23: 需确认部门共识与设计稿；仅模拟核心流程，不建设真实后端。 | Z23: 待评审范围与负责人。 | AA23: 未开始 | AC23: 46246
A24: DEMO-020 | B24: 项目协作 | C24: 项目设置 | D24: 项目属性、通知与权限展示 | E24: 新功能 | F24: 否 | G24: Demo 模拟 | H24: 支持讨论项目级配置和治理策略。 | I24: 跨部门推广规划 | J24: 项目管理、研发管理 | K24: P3 | L24: 已规划 | M24: L0 占位可达 | N24: L3 数据联动 | O24: 当前导航可达，使用通用占位页面。 | P24: 补齐关键场景、示例数据和核心交互。 | Q24: 待认领 | R24: 产品、设计、前端 | S24: v1.0 | T24: 建议排期 | U24: 46325 | W24: http://127.0.0.1:5173/demo/#/projects/lighting/settings | X24: 可从导航进入；核心信息完整；关键交互可操作；数据在相关页面间保持一致。 | Y24: 需确认部门共识与设计稿；仅模拟核心流程，不建设真实后端。 | Z24: 待评审范围与负责人。 | AA24: 未开始 | AC24: 46246
A25: DEMO-021 | B25: 代码仓库 | C25: 仓库列表 | D25: 仓库目录与层级列表 | E25: 现有能力 | F25: 是 | G25: UI 交互 + 数据联动 | H25: 浏览组织、分组和仓库层级，快速进入目标仓库。 | I25: 现有 Demo 实现 | J25: 产品、研发、设计 | K25: P0 | L25: 已完成 | M25: L3 数据联动 | N25: L3 数据联动 | O25: 已完成页面、关键交互和示例数据联动。 | P25: 纳入回归清单，持续根据部门反馈微调。 | Q25: Demo 小组 | R25: 产品、设计、前端 | S25: v0.1 | T25: 已确认 | U25: 46246 | W25: http://127.0.0.1:5173/demo/#/projects/lighting/code/repositories | X25: 页面可稳定访问；主要交互可操作；刷新和页面跳转后数据语义一致。 | Y25: 需防止后续修改破坏跨页面数据一致性。 | Z25: 已完成并通过本地类型、构建与页面回归。 | AA25: 通过 | AB25: 46246 | AC25: 46246
A26: DEMO-022 | B26: 代码仓库 | C26: 仓库列表 | D26: 仓库关键字搜索与排序 | E26: 现有能力 | F26: 否 | G26: UI 交互 + 数据联动 | H26: 在多仓库场景下快速定位目标。 | I26: 现有 Demo 实现 | J26: 产品、研发、设计 | K26: P1 | L26: 已完成 | M26: L3 数据联动 | N26: L3 数据联动 | O26: 已完成页面、关键交互和示例数据联动。 | P26: 纳入回归清单，持续根据部门反馈微调。 | Q26: Demo 小组 | R26: 产品、设计、前端 | S26: v0.1 | T26: 已确认 | U26: 46246 | W26: http://127.0.0.1:5173/demo/#/projects/lighting/code/repositories | X26: 页面可稳定访问；主要交互可操作；刷新和页面跳转后数据语义一致。 | Y26: 需防止后续修改破坏跨页面数据一致性。 | Z26: 已完成并通过本地类型、构建与页面回归。 | AA26: 通过 | AB26: 46246 | AC26: 46246
A27: DEMO-023 | B27: 代码仓库 | C27: 仓库列表 | D27: 高级筛选与收藏视图 | E27: 新功能 | F27: 否 | G27: Demo 模拟 | H27: 按语言、活跃度、负责人、收藏状态筛选仓库。 | I27: 跨部门推广规划 | J27: 产品、研发 | K27: P2 | L27: 已规划 | M27: L1 静态展示 | N27: L2 可交互 | O27: 已预留筛选和设置入口，部分按钮仍为禁用演示态。 | P27: 补齐关键场景、示例数据和核心交互。 | Q27: 待认领 | R27: 产品、设计、前端 | S27: v0.3 | T27: 建议排期 | U27: 46283 | W27: http://127.0.0.1:5173/demo/#/projects/lighting/code/repositories | X27: 可从导航进入；核心信息完整；关键交互可操作；数据在相关页面间保持一致。 | Y27: 需确认部门共识与设计稿；仅模拟核心流程，不建设真实后端。 | Z27: 待评审范围与负责人。 | AA27: 未开始 | AC27: 46246
A28: DEMO-024 | B28: 代码仓库 | C28: 仓库创建 | D28: 新建／导入仓库弹窗 | E28: 新功能 | F28: 否 | G28: Demo 模拟 | H28: 完整演示从代码仓库入口创建或导入仓库的流程。 | I28: 跨部门推广规划 | J28: 产品、研发 | K28: P2 | L28: 已规划 | M28: L0 占位可达 | N28: L2 可交互 | O28: 当前导航可达，使用通用占位页面。 | P28: 补齐关键场景、示例数据和核心交互。 | Q28: 待认领 | R28: 产品、设计、前端 | S28: v0.3 | T28: 建议排期 | U28: 46283 | W28: http://127.0.0.1:5173/demo/#/projects/lighting/code/repositories | X28: 点击新建仓库可打开表单；确认后新增一条本地示例仓库并给出成功反馈；无需真实 Git 服务。 | Y28: 需确认部门共识与设计稿；仅模拟核心流程，不建设真实后端。 | Z28: 待评审范围与负责人。 | AA28: 未开始 | AC28: 46246
A29: DEMO-025 | B29: 代码仓库 | C29: 仓库浏览 | D29: 文件树、目录与文件内容浏览 | E29: 现有能力 | F29: 是 | G29: UI 交互 + 数据联动 | H29: 模拟真实仓库的日常代码阅读路径。 | I29: 现有 Demo 实现 | J29: 产品、研发、设计 | K29: P0 | L29: 已完成 | M29: L3 数据联动 | N29: L3 数据联动 | O29: 已完成页面、关键交互和示例数据联动。 | P29: 纳入回归清单，持续根据部门反馈微调。 | Q29: Demo 小组 | R29: 产品、设计、前端 | S29: v0.1 | T29: 已确认 | U29: 46246 | W29: http://127.0.0.1:5173/demo/#/projects/lighting/code/repositories/flight-control-core | X29: 页面可稳定访问；主要交互可操作；刷新和页面跳转后数据语义一致。 | Y29: 需防止后续修改破坏跨页面数据一致性。 | Z29: 已完成并通过本地类型、构建与页面回归。 | AA29: 通过 | AB29: 46246 | AC29: 46246
A30: DEMO-026 | B30: 代码仓库 | C30: 仓库浏览 | D30: 分支／标签切换下拉框 | E30: 现有能力 | F30: 是 | G30: UI 交互 + 数据联动 | H30: 切换引用后文件、提交和计数同步变化。 | I30: 现有 Demo 实现 | J30: 产品、研发、设计 | K30: P0 | L30: 已完成 | M30: L3 数据联动 | N30: L3 数据联动 | O30: 已完成页面、关键交互和示例数据联动。 | P30: 纳入回归清单，持续根据部门反馈微调。 | Q30: Demo 小组 | R30: 产品、设计、前端 | S30: v0.1 | T30: 已确认 | U30: 46246 | V30: https://www.figma.com/design/AH5UD6NGdbtqy2z4o9k7QW/%E8%BD%AF%E4%BB%B6%E5%B7%A5%E5%8E%82?node-id=524-35227 | W30: http://127.0.0.1:5173/demo/#/projects/lighting/code/repositories/flight-control-core | X30: 页面可稳定访问；主要交互可操作；刷新和页面跳转后数据语义一致。 | Y30: 需防止后续修改破坏跨页面数据一致性。 | Z30: 已完成并通过本地类型、构建与页面回归。 | AA30: 通过 | AB30: 46246 | AC30: 46246
A31: DEMO-027 | B31: 代码仓库 | C31: 仓库浏览 | D31: 代码克隆下拉框 | E31: 现有能力 | F31: 否 | G31: UI 交互 + 数据联动 | H31: 展示 SSH／HTTP 克隆地址并支持复制。 | I31: 现有 Demo 实现 | J31: 产品、研发、设计 | K31: P1 | L31: 已完成 | M31: L3 数据联动 | N31: L3 数据联动 | O31: 已完成页面、关键交互和示例数据联动。 | P31: 纳入回归清单，持续根据部门反馈微调。 | Q31: Demo 小组 | R31: 产品、设计、前端 | S31: v0.1 | T31: 已确认 | U31: 46246 | V31: https://www.figma.com/design/AH5UD6NGdbtqy2z4o9k7QW/%E8%BD%AF%E4%BB%B6%E5%B7%A5%E5%8E%82?node-id=524-35243 | W31: http://127.0.0.1:5173/demo/#/projects/lighting/code/repositories/flight-control-core | X31: 页面可稳定访问；主要交互可操作；刷新和页面跳转后数据语义一致。 | Y31: 需防止后续修改破坏跨页面数据一致性。 | Z31: 已完成并通过本地类型、构建与页面回归。 | AA31: 通过 | AB31: 46246 | AC31: 46246
A32: DEMO-028 | B32: 代码仓库 | C32: 文件详情 | D32: 打开文件—代码内容 | E32: 现有能力 | F32: 是 | G32: UI 交互 + 数据联动 | H32: 查看文件名称、大小、内容和操作区。 | I32: 现有 Demo 实现 | J32: 产品、研发、设计 | K32: P0 | L32: 已完成 | M32: L3 数据联动 | N32: L3 数据联动 | O32: 已完成页面、关键交互和示例数据联动。 | P32: 纳入回归清单，持续根据部门反馈微调。 | Q32: Demo 小组 | R32: 产品、设计、前端 | S32: v0.1 | T32: 已确认 | U32: 46246 | W32: http://127.0.0.1:5173/demo/#/projects/lighting/code/repositories/flight-control-core | X32: 页面可稳定访问；主要交互可操作；刷新和页面跳转后数据语义一致。 | Y32: 需防止后续修改破坏跨页面数据一致性。 | Z32: 已完成并通过本地类型、构建与页面回归。 | AA32: 通过 | AB32: 46246 | AC32: 46246
A33: DEMO-029 | B33: 代码仓库 | C33: 文件详情 | D33: 打开文件—修改追溯 | E33: 现有能力 | F33: 是 | G33: UI 交互 + 数据联动 | H33: 按提交与作者展示逐行归属，模拟 blame 场景。 | I33: 现有 Demo 实现 | J33: 产品、研发、设计 | K33: P0 | L33: 已完成 | M33: L3 数据联动 | N33: L3 数据联动 | O33: 已完成页面、关键交互和示例数据联动。 | P33: 纳入回归清单，持续根据部门反馈微调。 | Q33: Demo 小组 | R33: 产品、设计、前端 | S33: v0.1 | T33: 已确认 | U33: 46246 | V33: https://www.figma.com/design/AH5UD6NGdbtqy2z4o9k7QW/%E8%BD%AF%E4%BB%B6%E5%B7%A5%E5%8E%82?node-id=475-4006 | W33: http://127.0.0.1:5173/demo/#/projects/lighting/code/repositories/flight-control-core | X33: 页面可稳定访问；主要交互可操作；刷新和页面跳转后数据语义一致。 | Y33: 需防止后续修改破坏跨页面数据一致性。 | Z33: 已完成并通过本地类型、构建与页面回归。 | AA33: 通过 | AB33: 46246 | AC33: 46246
A34: DEMO-030 | B34: 代码仓库 | C34: 文件详情 | D34: 打开文件—文件历史 | E34: 现有能力 | F34: 是 | G34: UI 交互 + 数据联动 | H34: 以提交项展示当前文件的修改历史。 | I34: 现有 Demo 实现 | J34: 产品、研发、设计 | K34: P0 | L34: 已完成 | M34: L3 数据联动 | N34: L3 数据联动 | O34: 已完成页面、关键交互和示例数据联动。 | P34: 纳入回归清单，持续根据部门反馈微调。 | Q34: Demo 小组 | R34: 产品、设计、前端 | S34: v0.1 | T34: 已确认 | U34: 46246 | V34: https://www.figma.com/design/AH5UD6NGdbtqy2z4o9k7QW/%E8%BD%AF%E4%BB%B6%E5%B7%A5%E5%8E%82?node-id=524-35732 | W34: http://127.0.0.1:5173/demo/#/projects/lighting/code/repositories/flight-control-core | X34: 页面可稳定访问；主要交互可操作；刷新和页面跳转后数据语义一致。 | Y34: 需防止后续修改破坏跨页面数据一致性。 | Z34: 已完成并通过本地类型、构建与页面回归。 | AA34: 通过 | AB34: 46246 | AC34: 46246
A35: DEMO-031 | B35: 代码仓库 | C35: 文件详情 | D35: 文件差异对比 | E35: 新功能 | F35: 是 | G35: Demo 模拟 | H35: 从文件历史或提交详情进入新旧版本 diff，辅助评审沟通。 | I35: 跨部门推广规划 | J35: 产品、研发 | K35: P0 | L35: 已规划 | M35: L0 占位可达 | N35: L3 数据联动 | O35: 当前导航可达，使用通用占位页面。 | P35: 补齐关键场景、示例数据和核心交互。 | Q35: 待认领 | R35: 产品、设计、前端 | S35: v0.2 | T35: 建议排期 | U35: 46262 | X35: 可选择两个版本；展示增删行语义色、文件路径和提交信息；复用 Code Experience 组件。 | Y35: 需确认部门共识与设计稿；仅模拟核心流程，不建设真实后端。 | Z35: 待评审范围与负责人。 | AA35: 未开始 | AC35: 46246
A36: DEMO-032 | B36: 代码仓库 | C36: 文件详情 | D36: 仓库内代码搜索 | E36: 新功能 | F36: 否 | G36: Demo 模拟 | H36: 按文件名或内容快速定位代码片段。 | I36: 跨部门推广规划 | J36: 产品、研发 | K36: P2 | L36: 已规划 | M36: L0 占位可达 | N36: L3 数据联动 | O36: 当前导航可达，使用通用占位页面。 | P36: 补齐关键场景、示例数据和核心交互。 | Q36: 待认领 | R36: 产品、设计、前端 | S36: v0.3 | T36: 建议排期 | U36: 46283 | X36: 可从导航进入；核心信息完整；关键交互可操作；数据在相关页面间保持一致。 | Y36: 需确认部门共识与设计稿；仅模拟核心流程，不建设真实后端。 | Z36: 待评审范围与负责人。 | AA36: 未开始 | AC36: 46246
A37: DEMO-033 | B37: 代码仓库 | C37: 文件详情 | D37: 编辑、上传与下载演示 | E37: 新功能 | F37: 否 | G37: Demo 模拟 | H37: 展示常见文件操作入口及成功反馈，但不写入真实仓库。 | I37: 跨部门推广规划 | J37: 产品、研发 | K37: P3 | L37: 待评估 | M37: L0 占位可达 | N37: L2 可交互 | O37: 当前导航可达，使用通用占位页面。 | P37: 补齐关键场景、示例数据和核心交互。 | Q37: 待认领 | R37: 产品、设计、前端 | S37: v1.0 | T37: 建议排期 | U37: 46325 | X37: 可从导航进入；核心信息完整；关键交互可操作；数据在相关页面间保持一致。 | Y37: 需要明确哪些写操作值得模拟，避免让使用者误认为已接入真实 Git。 | Z37: 待评审范围与负责人。 | AA37: 未开始 | AC37: 46246
A38: DEMO-034 | B38: 代码仓库 | C38: 提交 | D38: 提交列表、筛选与描述展开 | E38: 现有能力 | F38: 是 | G38: UI 交互 + 数据联动 | H38: 按分支和日期查看提交，展开描述并复制提交号。 | I38: 现有 Demo 实现 | J38: 产品、研发、设计 | K38: P0 | L38: 已完成 | M38: L3 数据联动 | N38: L3 数据联动 | O38: 已完成页面、关键交互和示例数据联动。 | P38: 纳入回归清单，持续根据部门反馈微调。 | Q38: Demo 小组 | R38: 产品、设计、前端 | S38: v0.1 | T38: 已确认 | U38: 46246 | V38: https://www.figma.com/design/AH5UD6NGdbtqy2z4o9k7QW/%E8%BD%AF%E4%BB%B6%E5%B7%A5%E5%8E%82?node-id=486-5192 | W38: http://127.0.0.1:5173/demo/#/projects/lighting/code/repositories/flight-control-core/commits?branch=main | X38: 页面可稳定访问；主要交互可操作；刷新和页面跳转后数据语义一致。 | Y38: 需防止后续修改破坏跨页面数据一致性。 | Z38: 已完成并通过本地类型、构建与页面回归。 | AA38: 通过 | AB38: 46246 | AC38: 46246
A39: DEMO-035 | B39: 代码仓库 | C39: 提交 | D39: 提交详情与变更文件 | E39: 新功能 | F39: 是 | G39: Demo 模拟 | H39: 查看单次提交说明、关联请求、文件列表和 diff。 | I39: 跨部门推广规划 | J39: 产品、研发 | K39: P0 | L39: 已规划 | M39: L0 占位可达 | N39: L3 数据联动 | O39: 当前导航可达，使用通用占位页面。 | P39: 补齐关键场景、示例数据和核心交互。 | Q39: 待认领 | R39: 产品、设计、前端 | S39: v0.2 | T39: 建议排期 | U39: 46262 | V39: https://www.figma.com/design/AH5UD6NGdbtqy2z4o9k7QW/%E8%BD%AF%E4%BB%B6%E5%B7%A5%E5%8E%82?node-id=486-5192 | X39: 点击提交标题进入详情；变更文件、增删统计、关联合并请求与文件 diff 数据一致。 | Y39: 需确认部门共识与设计稿；仅模拟核心流程，不建设真实后端。 | Z39: 待评审范围与负责人。 | AA39: 未开始 | AC39: 46246
A40: DEMO-036 | B40: 代码仓库 | C40: 分支 | D40: 分支列表与真实计数 | E40: 现有能力 | F40: 是 | G40: UI 交互 + 数据联动 | H40: 查看分支状态、更新人、合并请求和领先／滞后。 | I40: 现有 Demo 实现 | J40: 产品、研发、设计 | K40: P0 | L40: 已完成 | M40: L3 数据联动 | N40: L3 数据联动 | O40: 已完成页面、关键交互和示例数据联动。 | P40: 纳入回归清单，持续根据部门反馈微调。 | Q40: Demo 小组 | R40: 产品、设计、前端 | S40: v0.1 | T40: 已确认 | U40: 46246 | V40: https://www.figma.com/design/AH5UD6NGdbtqy2z4o9k7QW/%E8%BD%AF%E4%BB%B6%E5%B7%A5%E5%8E%82?node-id=494-33747 | W40: http://127.0.0.1:5173/demo/#/projects/lighting/code/repositories/flight-control-core/branches | X40: 页面可稳定访问；主要交互可操作；刷新和页面跳转后数据语义一致。 | Y40: 需防止后续修改破坏跨页面数据一致性。 | Z40: 已完成并通过本地类型、构建与页面回归。 | AA40: 通过 | AB40: 46246 | AC40: 46246
A41: DEMO-037 | B41: 代码仓库 | C41: 分支 | D41: 新建分支弹窗 | E41: 现有能力 | F41: 否 | G41: UI 交互 | H41: 模拟从指定来源创建分支并反馈成功。 | I41: 现有 Demo 实现 | J41: 产品、研发、设计 | K41: P1 | L41: 已完成 | M41: L3 数据联动 | N41: L3 数据联动 | O41: 已完成页面、关键交互和示例数据联动。 | P41: 纳入回归清单，持续根据部门反馈微调。 | Q41: Demo 小组 | R41: 产品、设计、前端 | S41: v0.1 | T41: 已确认 | U41: 46246 | V41: https://www.figma.com/design/AH5UD6NGdbtqy2z4o9k7QW/%E8%BD%AF%E4%BB%B6%E5%B7%A5%E5%8E%82?node-id=524-35535 | W41: http://127.0.0.1:5173/demo/#/projects/lighting/code/repositories/flight-control-core/branches | X41: 页面可稳定访问；主要交互可操作；刷新和页面跳转后数据语义一致。 | Y41: 需防止后续修改破坏跨页面数据一致性。 | Z41: 已完成并通过本地类型、构建与页面回归。 | AA41: 通过 | AB41: 46246 | AC41: 46246
A42: DEMO-038 | B42: 代码仓库 | C42: 分支 | D42: 保护分支与删除禁用态 | E42: 现有能力 | F42: 否 | G42: UI 交互 + 数据联动 | H42: 表达默认分支、保护分支的操作限制。 | I42: 现有 Demo 实现 | J42: 产品、研发、设计 | K42: P1 | L42: 已完成 | M42: L3 数据联动 | N42: L3 数据联动 | O42: 已完成页面、关键交互和示例数据联动。 | P42: 纳入回归清单，持续根据部门反馈微调。 | Q42: Demo 小组 | R42: 产品、设计、前端 | S42: v0.1 | T42: 已确认 | U42: 46246 | W42: http://127.0.0.1:5173/demo/#/projects/lighting/code/repositories/flight-control-core/branches | X42: 页面可稳定访问；主要交互可操作；刷新和页面跳转后数据语义一致。 | Y42: 需防止后续修改破坏跨页面数据一致性。 | Z42: 已完成并通过本地类型、构建与页面回归。 | AA42: 通过 | AB42: 46246 | AC42: 46246
A43: DEMO-039 | B43: 代码仓库 | C43: 标签 | D43: 标签列表与描述展开 | E43: 现有能力 | F43: 是 | G43: UI 交互 + 数据联动 | H43: 查看标签、创建人、提交、校验状态和下载入口。 | I43: 现有 Demo 实现 | J43: 产品、研发、设计 | K43: P0 | L43: 已完成 | M43: L3 数据联动 | N43: L3 数据联动 | O43: 已完成页面、关键交互和示例数据联动。 | P43: 纳入回归清单，持续根据部门反馈微调。 | Q43: Demo 小组 | R43: 产品、设计、前端 | S43: v0.1 | T43: 已确认 | U43: 46246 | V43: https://www.figma.com/design/AH5UD6NGdbtqy2z4o9k7QW/%E8%BD%AF%E4%BB%B6%E5%B7%A5%E5%8E%82?node-id=519-5677 | W43: http://127.0.0.1:5173/demo/#/projects/lighting/code/repositories/flight-control-core/tags | X43: 页面可稳定访问；主要交互可操作；刷新和页面跳转后数据语义一致。 | Y43: 需防止后续修改破坏跨页面数据一致性。 | Z43: 已完成并通过本地类型、构建与页面回归。 | AA43: 通过 | AB43: 46246 | AC43: 46246
A44: DEMO-040 | B44: 代码仓库 | C44: 标签 | D44: 新建标签弹窗 | E44: 现有能力 | F44: 否 | G44: UI 交互 | H44: 模拟从分支或提交创建标签并反馈成功。 | I44: 现有 Demo 实现 | J44: 产品、研发、设计 | K44: P1 | L44: 已完成 | M44: L3 数据联动 | N44: L3 数据联动 | O44: 已完成页面、关键交互和示例数据联动。 | P44: 纳入回归清单，持续根据部门反馈微调。 | Q44: Demo 小组 | R44: 产品、设计、前端 | S44: v0.1 | T44: 已确认 | U44: 46246 | V44: https://www.figma.com/design/AH5UD6NGdbtqy2z4o9k7QW/%E8%BD%AF%E4%BB%B6%E5%B7%A5%E5%8E%82?node-id=524-35535 | W44: http://127.0.0.1:5173/demo/#/projects/lighting/code/repositories/flight-control-core/tags | X44: 页面可稳定访问；主要交互可操作；刷新和页面跳转后数据语义一致。 | Y44: 需防止后续修改破坏跨页面数据一致性。 | Z44: 已完成并通过本地类型、构建与页面回归。 | AA44: 通过 | AB44: 46246 | AC44: 46246
A45: DEMO-041 | B45: 代码仓库 | C45: 合并请求 | D45: 合并请求列表与状态筛选 | E45: 现有能力 | F45: 是 | G45: UI 交互 + 数据联动 | H45: 查看开启、已合并、已关闭等请求，并呈现分支流和变更量。 | I45: 现有 Demo 实现 | J45: 产品、研发、设计 | K45: P0 | L45: 已完成 | M45: L3 数据联动 | N45: L3 数据联动 | O45: 已完成页面、关键交互和示例数据联动。 | P45: 纳入回归清单，持续根据部门反馈微调。 | Q45: Demo 小组 | R45: 产品、设计、前端 | S45: v0.1 | T45: 已确认 | U45: 46246 | V45: https://www.figma.com/design/AH5UD6NGdbtqy2z4o9k7QW/%E8%BD%AF%E4%BB%B6%E5%B7%A5%E5%8E%82?node-id=524-7424 | W45: http://127.0.0.1:5173/demo/#/projects/lighting/code/repositories/flight-control-core/merge-requests | X45: 页面可稳定访问；主要交互可操作；刷新和页面跳转后数据语义一致。 | Y45: 需防止后续修改破坏跨页面数据一致性。 | Z45: 已完成并通过本地类型、构建与页面回归。 | AA45: 通过 | AB45: 46246 | AC45: 46246
A46: DEMO-042 | B46: 代码仓库 | C46: 合并请求 | D46: 合并请求详情 | E46: 新功能 | F46: 是 | G46: Demo 模拟 | H46: 围绕一个请求展示描述、提交、变更、评审和讨论。 | I46: 跨部门推广规划 | J46: 产品、研发 | K46: P0 | L46: 已规划 | M46: L0 占位可达 | N46: L4 端到端叙事 | O46: 当前导航可达，使用通用占位页面。 | P46: 补齐关键场景、示例数据和核心交互。 | Q46: 待认领 | R46: 产品、设计、前端 | S46: v0.2 | T46: 建议排期 | U46: 46262 | V46: https://www.figma.com/design/AH5UD6NGdbtqy2z4o9k7QW/%E8%BD%AF%E4%BB%B6%E5%B7%A5%E5%8E%82?node-id=161-4885 | X46: 列表标题可进入详情；详情包含概要、提交、文件变更、评审状态和讨论；关联对象可跳转。 | Y46: 需确认部门共识与设计稿；仅模拟核心流程，不建设真实后端。 | Z46: 待评审范围与负责人。 | AA46: 未开始 | AC46: 46246
A47: DEMO-043 | B47: 代码仓库 | C47: 合并请求 | D47: 新建合并请求流程 | E47: 新功能 | F47: 否 | G47: Demo 模拟 | H47: 模拟选择源分支、目标分支、评审人并创建请求。 | I47: 跨部门推广规划 | J47: 产品、研发 | K47: P1 | L47: 已规划 | M47: L0 占位可达 | N47: L3 数据联动 | O47: 当前导航可达，使用通用占位页面。 | P47: 补齐关键场景、示例数据和核心交互。 | Q47: 待认领 | R47: 产品、设计、前端 | S47: v0.3 | T47: 建议排期 | U47: 46283 | X47: 确认后本地新增请求，页头计数、分支列表关联请求和请求列表同步更新。 | Y47: 需确认部门共识与设计稿；仅模拟核心流程，不建设真实后端。 | Z47: 待评审范围与负责人。 | AA47: 未开始 | AC47: 46246
A48: DEMO-044 | B48: 代码仓库 | C48: 评审记录 | D48: 代码评审记录 | E48: 新功能 | F48: 否 | G48: Demo 模拟 | H48: 展示评审意见、处理状态和变更位置。 | I48: 跨部门推广规划 | J48: 产品、研发 | K48: P1 | L48: 已规划 | M48: L0 占位可达 | N48: L3 数据联动 | O48: 当前导航可达，使用通用占位页面。 | P48: 补齐关键场景、示例数据和核心交互。 | Q48: 待认领 | R48: 产品、设计、前端 | S48: v0.3 | T48: 建议排期 | U48: 46283 | X48: 可从导航进入；核心信息完整；关键交互可操作；数据在相关页面间保持一致。 | Y48: 需确认部门共识与设计稿；仅模拟核心流程，不建设真实后端。 | Z48: 待评审范围与负责人。 | AA48: 未开始 | AC48: 46246
A49: DEMO-045 | B49: 代码仓库 | C49: 关联工作项 | D49: 代码与工作项关联 | E49: 新功能 | F49: 是 | G49: Demo 模拟 | H49: 从仓库或合并请求追溯到需求、任务与缺陷。 | I49: 跨部门推广规划 | J49: 产品、研发、测试 | K49: P0 | L49: 已规划 | M49: L0 占位可达 | N49: L4 端到端叙事 | O49: 当前导航可达，使用通用占位页面。 | P49: 补齐关键场景、示例数据和核心交互。 | Q49: 待认领 | R49: 产品、设计、前端 | S49: v1.0 | T49: 建议排期 | U49: 46325 | X49: 可从导航进入；核心信息完整；关键交互可操作；数据在相关页面间保持一致。 | Y49: 需确认部门共识与设计稿；仅模拟核心流程，不建设真实后端。 | Z49: 待评审范围与负责人。 | AA49: 未开始 | AC49: 46246
A50: DEMO-046 | B50: 代码仓库 | C50: 入库记录 | D50: 代码入库记录 | E50: 新功能 | F50: 否 | G50: Demo 模拟 | H50: 展示版本基线、审批状态和入库结果。 | I50: 跨部门推广规划 | J50: 研发、质量、配置管理 | K50: P2 | L50: 已规划 | M50: L0 占位可达 | N50: L3 数据联动 | O50: 当前导航可达，使用通用占位页面。 | P50: 补齐关键场景、示例数据和核心交互。 | Q50: 待认领 | R50: 产品、设计、前端 | S50: v0.4 | T50: 建议排期 | U50: 46311 | X50: 可从导航进入；核心信息完整；关键交互可操作；数据在相关页面间保持一致。 | Y50: 需确认部门共识与设计稿；仅模拟核心流程，不建设真实后端。 | Z50: 待评审范围与负责人。 | AA50: 未开始 | AC50: 46246
A51: DEMO-047 | B51: 代码仓库 | C51: 统计 | D51: 仓库活跃度与贡献统计 | E51: 新功能 | F51: 否 | G51: Demo 模拟 | H51: 展示提交趋势、贡献者、分支和合并请求统计。 | I51: 跨部门推广规划 | J51: 研发、研发管理 | K51: P2 | L51: 已规划 | M51: L0 占位可达 | N51: L3 数据联动 | O51: 当前导航可达，使用通用占位页面。 | P51: 补齐关键场景、示例数据和核心交互。 | Q51: 待认领 | R51: 产品、设计、前端 | S51: v0.4 | T51: 建议排期 | U51: 46311 | X51: 可从导航进入；核心信息完整；关键交互可操作；数据在相关页面间保持一致。 | Y51: 需确认部门共识与设计稿；仅模拟核心流程，不建设真实后端。 | Z51: 待评审范围与负责人。 | AA51: 未开始 | AC51: 46246
A52: DEMO-048 | B52: 代码仓库 | C52: 设置 | D52: Webhook 设置与触发记录 | E52: 现有能力 | F52: 否 | G52: UI 交互 + 数据联动 | H52: 演示服务集成配置和触发历史。 | I52: 现有 Demo 实现 | J52: 产品、研发、设计 | K52: P1 | L52: 已完成 | M52: L3 数据联动 | N52: L3 数据联动 | O52: 已完成页面、关键交互和示例数据联动。 | P52: 纳入回归清单，持续根据部门反馈微调。 | Q52: Demo 小组 | R52: 产品、设计、前端 | S52: v0.1 | T52: 已确认 | U52: 46246 | W52: http://127.0.0.1:5173/demo/#/projects/lighting/code/repositories/flight-control-core?tab=settings | X52: 页面可稳定访问；主要交互可操作；刷新和页面跳转后数据语义一致。 | Y52: 需防止后续修改破坏跨页面数据一致性。 | Z52: 已完成并通过本地类型、构建与页面回归。 | AA52: 通过 | AB52: 46246 | AC52: 46246
A53: DEMO-049 | B53: 代码仓库 | C53: 设置 | D53: 仓库基本设置与通知设置 | E53: 新功能 | F53: 否 | G53: Demo 模拟 | H53: 展示仓库属性、默认分支、通知和访问策略。 | I53: 跨部门推广规划 | J53: 产品、研发 | K53: P3 | L53: 已规划 | M53: L0 占位可达 | N53: L3 数据联动 | O53: 当前导航可达，使用通用占位页面。 | P53: 补齐关键场景、示例数据和核心交互。 | Q53: 待认领 | R53: 产品、设计、前端 | S53: v1.0 | T53: 建议排期 | U53: 46325 | W53: http://127.0.0.1:5173/demo/#/projects/lighting/code/repositories/flight-control-core?tab=settings | X53: 可从导航进入；核心信息完整；关键交互可操作；数据在相关页面间保持一致。 | Y53: 需确认部门共识与设计稿；仅模拟核心流程，不建设真实后端。 | Z53: 待评审范围与负责人。 | AA53: 未开始 | AC53: 46246
A54: DEMO-050 | B54: 代码质量 | C54: 质量总览 | D54: 代码质量仪表盘 | E54: 新功能 | F54: 是 | G54: Demo 模拟 | H54: 聚合质量门禁、问题、覆盖率和趋势，建立研发质量共识。 | I54: 跨部门推广规划 | J54: 研发、测试、质量 | K54: P1 | L54: 已规划 | M54: L0 占位可达 | N54: L3 数据联动 | O54: 当前导航可达，使用通用占位页面。 | P54: 补齐关键场景、示例数据和核心交互。 | Q54: 待认领 | R54: 产品、设计、前端 | S54: v0.3 | T54: 建议排期 | U54: 46283 | W54: http://127.0.0.1:5173/demo/#/projects/lighting/code/quality | X54: 可从导航进入；核心信息完整；关键交互可操作；数据在相关页面间保持一致。 | Y54: 需确认部门共识与设计稿；仅模拟核心流程，不建设真实后端。 | Z54: 待评审范围与负责人。 | AA54: 未开始 | AC54: 46246
A55: DEMO-051 | B55: 代码质量 | C55: 问题管理 | D55: 静态检查问题列表与详情 | E55: 新功能 | F55: 否 | G55: Demo 模拟 | H55: 按严重级别、规则、文件和负责人查看问题。 | I55: 跨部门推广规划 | J55: 研发、质量 | K55: P1 | L55: 已规划 | M55: L0 占位可达 | N55: L3 数据联动 | O55: 当前导航可达，使用通用占位页面。 | P55: 补齐关键场景、示例数据和核心交互。 | Q55: 待认领 | R55: 产品、设计、前端 | S55: v0.3 | T55: 建议排期 | U55: 46283 | X55: 可从导航进入；核心信息完整；关键交互可操作；数据在相关页面间保持一致。 | Y55: 需确认部门共识与设计稿；仅模拟核心流程，不建设真实后端。 | Z55: 待评审范围与负责人。 | AA55: 未开始 | AC55: 46246
A56: DEMO-052 | B56: 代码质量 | C56: 质量门禁 | D56: 质量门禁结果 | E56: 新功能 | F56: 否 | G56: Demo 模拟 | H56: 解释一次提交或合并请求为何通过／未通过。 | I56: 跨部门推广规划 | J56: 研发、质量 | K56: P1 | L56: 已规划 | M56: L0 占位可达 | N56: L3 数据联动 | O56: 当前导航可达，使用通用占位页面。 | P56: 补齐关键场景、示例数据和核心交互。 | Q56: 待认领 | R56: 产品、设计、前端 | S56: v0.3 | T56: 建议排期 | U56: 46283 | X56: 可从导航进入；核心信息完整；关键交互可操作；数据在相关页面间保持一致。 | Y56: 需确认部门共识与设计稿；仅模拟核心流程，不建设真实后端。 | Z56: 待评审范围与负责人。 | AA56: 未开始 | AC56: 46246
A57: DEMO-053 | B57: 代码质量 | C57: 覆盖率 | D57: 覆盖率与质量趋势 | E57: 新功能 | F57: 否 | G57: Demo 模拟 | H57: 按分支和时间展示覆盖率、缺陷密度和技术债变化。 | I57: 跨部门推广规划 | J57: 研发、测试、质量 | K57: P2 | L57: 已规划 | M57: L0 占位可达 | N57: L3 数据联动 | O57: 当前导航可达，使用通用占位页面。 | P57: 补齐关键场景、示例数据和核心交互。 | Q57: 待认领 | R57: 产品、设计、前端 | S57: v0.4 | T57: 建议排期 | U57: 46311 | X57: 可从导航进入；核心信息完整；关键交互可操作；数据在相关页面间保持一致。 | Y57: 需确认部门共识与设计稿；仅模拟核心流程，不建设真实后端。 | Z57: 待评审范围与负责人。 | AA57: 未开始 | AC57: 46246
A58: DEMO-054 | B58: 流水线 | C58: 流水线列表 | D58: 流水线列表与筛选 | E58: 新功能 | F58: 是 | G58: Demo 模拟 | H58: 查看流水线状态、触发方式、分支和最近运行。 | I58: 跨部门推广规划 | J58: 研发、测试、运维 | K58: P0 | L58: 已规划 | M58: L0 占位可达 | N58: L3 数据联动 | O58: 当前导航可达，使用通用占位页面。 | P58: 补齐关键场景、示例数据和核心交互。 | Q58: 待认领 | R58: 产品、设计、前端 | S58: v0.3 | T58: 建议排期 | U58: 46283 | W58: http://127.0.0.1:5173/demo/#/projects/lighting/pipelines | X58: 可从导航进入；核心信息完整；关键交互可操作；数据在相关页面间保持一致。 | Y58: 需确认部门共识与设计稿；仅模拟核心流程，不建设真实后端。 | Z58: 待评审范围与负责人。 | AA58: 未开始 | AC58: 46246
A59: DEMO-055 | B59: 流水线 | C59: 运行详情 | D59: 阶段图与运行状态 | E59: 新功能 | F59: 是 | G59: Demo 模拟 | H59: 用阶段视图解释构建、测试、扫描和发布过程。 | I59: 跨部门推广规划 | J59: 研发、测试、运维 | K59: P0 | L59: 已规划 | M59: L0 占位可达 | N59: L4 端到端叙事 | O59: 当前导航可达，使用通用占位页面。 | P59: 补齐关键场景、示例数据和核心交互。 | Q59: 待认领 | R59: 产品、设计、前端 | S59: v0.3 | T59: 建议排期 | U59: 46283 | X59: 可从导航进入；核心信息完整；关键交互可操作；数据在相关页面间保持一致。 | Y59: 需确认部门共识与设计稿；仅模拟核心流程，不建设真实后端。 | Z59: 待评审范围与负责人。 | AA59: 未开始 | AC59: 46246
A60: DEMO-056 | B60: 流水线 | C60: 运行详情 | D60: 任务日志与失败定位 | E60: 新功能 | F60: 否 | G60: Demo 模拟 | H60: 展开任务日志并定位失败步骤，支撑问题沟通。 | I60: 跨部门推广规划 | J60: 研发、测试、运维 | K60: P1 | L60: 已规划 | M60: L0 占位可达 | N60: L3 数据联动 | O60: 当前导航可达，使用通用占位页面。 | P60: 补齐关键场景、示例数据和核心交互。 | Q60: 待认领 | R60: 产品、设计、前端 | S60: v0.3 | T60: 建议排期 | U60: 46283 | X60: 可从导航进入；核心信息完整；关键交互可操作；数据在相关页面间保持一致。 | Y60: 需确认部门共识与设计稿；仅模拟核心流程，不建设真实后端。 | Z60: 待评审范围与负责人。 | AA60: 未开始 | AC60: 46246
A61: DEMO-057 | B61: 流水线 | C61: 运行操作 | D61: 手动执行、停止与重试 | E61: 新功能 | F61: 否 | G61: UI 交互 + 本地状态 | H61: 模拟常见流水线操作和状态反馈。 | I61: 跨部门推广规划 | J61: 研发、测试、运维 | K61: P2 | L61: 已规划 | M61: L0 占位可达 | N61: L2 可交互 | O61: 当前导航可达，使用通用占位页面。 | P61: 补齐关键场景、示例数据和核心交互。 | Q61: 待认领 | R61: 产品、设计、前端 | S61: v0.4 | T61: 建议排期 | U61: 46311 | X61: 可从导航进入；核心信息完整；关键交互可操作；数据在相关页面间保持一致。 | Y61: 需确认部门共识与设计稿；仅模拟核心流程，不建设真实后端。 | Z61: 待评审范围与负责人。 | AA61: 未开始 | AC61: 46246
A62: DEMO-058 | B62: 流水线 | C62: 流水线配置 | D62: 可视化编排与 YAML 预览 | E62: 新功能 | F62: 否 | G62: Demo 模拟 | H62: 帮助讨论流水线阶段、任务和配置结构。 | I62: 跨部门推广规划 | J62: 研发、运维 | K62: P3 | L62: 待评估 | M62: L0 占位可达 | N62: L3 数据联动 | O62: 当前导航可达，使用通用占位页面。 | P62: 补齐关键场景、示例数据和核心交互。 | Q62: 待认领 | R62: 产品、设计、前端 | S62: v1.0 | T62: 建议排期 | U62: 46325 | X62: 可从导航进入；核心信息完整；关键交互可操作；数据在相关页面间保持一致。 | Y62: 需确认部门共识与设计稿；仅模拟核心流程，不建设真实后端。 | Z62: 待评审范围与负责人。 | AA62: 未开始 | AC62: 46246
A63: DEMO-059 | B63: 制品管理 | C63: 制品仓库 | D63: 制品仓库与版本列表 | E63: 新功能 | F63: 是 | G63: Demo 模拟 | H63: 浏览构建产物、版本、来源流水线和发布时间。 | I63: 跨部门推广规划 | J63: 研发、测试、运维、配置管理 | K63: P1 | L63: 已规划 | M63: L0 占位可达 | N63: L3 数据联动 | O63: 当前导航可达，使用通用占位页面。 | P63: 补齐关键场景、示例数据和核心交互。 | Q63: 待认领 | R63: 产品、设计、前端 | S63: v0.4 | T63: 建议排期 | U63: 46311 | W63: http://127.0.0.1:5173/demo/#/projects/lighting/artifacts/repository | X63: 可从导航进入；核心信息完整；关键交互可操作；数据在相关页面间保持一致。 | Y63: 需确认部门共识与设计稿；仅模拟核心流程，不建设真实后端。 | Z63: 待评审范围与负责人。 | AA63: 未开始 | AC63: 46246
A64: DEMO-060 | B64: 制品管理 | C64: 制品详情 | D64: 版本详情、校验与下载 | E64: 新功能 | F64: 否 | G64: Demo 模拟 | H64: 展示制品元数据、校验值、关联提交和下载入口。 | I64: 跨部门推广规划 | J64: 研发、测试、运维、配置管理 | K64: P1 | L64: 已规划 | M64: L0 占位可达 | N64: L3 数据联动 | O64: 当前导航可达，使用通用占位页面。 | P64: 补齐关键场景、示例数据和核心交互。 | Q64: 待认领 | R64: 产品、设计、前端 | S64: v0.4 | T64: 建议排期 | U64: 46311 | X64: 可从导航进入；核心信息完整；关键交互可操作；数据在相关页面间保持一致。 | Y64: 需确认部门共识与设计稿；仅模拟核心流程，不建设真实后端。 | Z64: 待评审范围与负责人。 | AA64: 未开始 | AC64: 46246
A65: DEMO-061 | B65: 制品管理 | C65: 依赖库 | D65: 项目依赖与版本清单 | E65: 新功能 | F65: 否 | G65: Demo 模拟 | H65: 查看项目直接／间接依赖、版本和使用范围。 | I65: 跨部门推广规划 | J65: 研发、质量、安全 | K65: P2 | L65: 已规划 | M65: L0 占位可达 | N65: L3 数据联动 | O65: 当前导航可达，使用通用占位页面。 | P65: 补齐关键场景、示例数据和核心交互。 | Q65: 待认领 | R65: 产品、设计、前端 | S65: v0.4 | T65: 建议排期 | U65: 46311 | W65: http://127.0.0.1:5173/demo/#/projects/lighting/artifacts/dependencies | X65: 可从导航进入；核心信息完整；关键交互可操作；数据在相关页面间保持一致。 | Y65: 需确认部门共识与设计稿；仅模拟核心流程，不建设真实后端。 | Z65: 待评审范围与负责人。 | AA65: 未开始 | AC65: 46246
A66: DEMO-062 | B66: 制品管理 | C66: 依赖治理 | D66: SBOM 与许可证 | E66: 新功能 | F66: 否 | G66: Demo 模拟 | H66: 展示软件物料清单、许可证类型和合规风险。 | I66: 跨部门推广规划 | J66: 研发、质量、安全、法务 | K66: P2 | L66: 已规划 | M66: L0 占位可达 | N66: L3 数据联动 | O66: 当前导航可达，使用通用占位页面。 | P66: 补齐关键场景、示例数据和核心交互。 | Q66: 待认领 | R66: 产品、设计、前端 | S66: v1.0 | T66: 建议排期 | U66: 46325 | X66: 可从导航进入；核心信息完整；关键交互可操作；数据在相关页面间保持一致。 | Y66: 需确认部门共识与设计稿；仅模拟核心流程，不建设真实后端。 | Z66: 待评审范围与负责人。 | AA66: 未开始 | AC66: 46246
A67: DEMO-063 | B67: 制品管理 | C67: 依赖治理 | D67: 漏洞与修复建议 | E67: 新功能 | F67: 否 | G67: Demo 模拟 | H67: 关联依赖漏洞、影响范围和建议升级版本。 | I67: 跨部门推广规划 | J67: 研发、质量、安全 | K67: P2 | L67: 已规划 | M67: L0 占位可达 | N67: L3 数据联动 | O67: 当前导航可达，使用通用占位页面。 | P67: 补齐关键场景、示例数据和核心交互。 | Q67: 待认领 | R67: 产品、设计、前端 | S67: v1.0 | T67: 建议排期 | U67: 46325 | X67: 可从导航进入；核心信息完整；关键交互可操作；数据在相关页面间保持一致。 | Y67: 需确认部门共识与设计稿；仅模拟核心流程，不建设真实后端。 | Z67: 待评审范围与负责人。 | AA67: 未开始 | AC67: 46246
A68: DEMO-064 | B68: 部署管理 | C68: 应用管理 | D68: 应用列表与部署状态 | E68: 现有能力 | F68: 是 | G68: UI 交互 + 数据联动 | H68: 查看应用、环境、版本、部署进度和操作菜单。 | I68: 现有 Demo 实现 | J68: 产品、研发、设计 | K68: P0 | L68: 已完成 | M68: L3 数据联动 | N68: L3 数据联动 | O68: 已完成页面、关键交互和示例数据联动。 | P68: 纳入回归清单，持续根据部门反馈微调。 | Q68: Demo 小组 | R68: 产品、设计、前端 | S68: v0.1 | T68: 已确认 | U68: 46246 | W68: http://127.0.0.1:5173/demo/#/projects/lighting/deployments/applications | X68: 页面可稳定访问；主要交互可操作；刷新和页面跳转后数据语义一致。 | Y68: 需防止后续修改破坏跨页面数据一致性。 | Z68: 已完成并通过本地类型、构建与页面回归。 | AA68: 通过 | AB68: 46246 | AC68: 46246
A69: DEMO-065 | B69: 部署管理 | C69: 应用详情 | D69: 应用概览 | E69: 现有能力 | F69: 是 | G69: UI 交互 + 数据联动 | H69: 展示应用运行概况、版本和环境信息。 | I69: 现有 Demo 实现 | J69: 产品、研发、设计 | K69: P0 | L69: 已完成 | M69: L3 数据联动 | N69: L3 数据联动 | O69: 已完成页面、关键交互和示例数据联动。 | P69: 纳入回归清单，持续根据部门反馈微调。 | Q69: Demo 小组 | R69: 产品、设计、前端 | S69: v0.1 | T69: 已确认 | U69: 46246 | W69: http://127.0.0.1:5173/demo/#/projects/lighting/deployments/applications/flight-control/overview | X69: 页面可稳定访问；主要交互可操作；刷新和页面跳转后数据语义一致。 | Y69: 需防止后续修改破坏跨页面数据一致性。 | Z69: 已完成并通过本地类型、构建与页面回归。 | AA69: 通过 | AB69: 46246 | AC69: 46246
A70: DEMO-066 | B70: 部署管理 | C70: 环境规划 | D70: 应用环境规划 | E70: 现有能力 | F70: 是 | G70: UI 交互 + 数据联动 | H70: 展示开发、测试、生产环境及部署状态。 | I70: 现有 Demo 实现 | J70: 产品、研发、设计 | K70: P0 | L70: 已完成 | M70: L3 数据联动 | N70: L3 数据联动 | O70: 已完成页面、关键交互和示例数据联动。 | P70: 纳入回归清单，持续根据部门反馈微调。 | Q70: Demo 小组 | R70: 产品、设计、前端 | S70: v0.1 | T70: 已确认 | U70: 46246 | W70: http://127.0.0.1:5173/demo/#/projects/lighting/deployments/applications/flight-control/environment-planning | X70: 页面可稳定访问；主要交互可操作；刷新和页面跳转后数据语义一致。 | Y70: 需防止后续修改破坏跨页面数据一致性。 | Z70: 已完成并通过本地类型、构建与页面回归。 | AA70: 通过 | AB70: 46246 | AC70: 46246
A71: DEMO-067 | B71: 部署管理 | C71: 发布编排 | D71: 发布阶段与审批编排 | E71: 新功能 | F71: 是 | G71: Demo 模拟 | H71: 串联制品选择、环境、审批、部署和验证。 | I71: 跨部门推广规划 | J71: 研发、测试、运维、质量 | K71: P0 | L71: 已规划 | M71: L0 占位可达 | N71: L4 端到端叙事 | O71: 当前导航可达，使用通用占位页面。 | P71: 补齐关键场景、示例数据和核心交互。 | Q71: 待认领 | R71: 产品、设计、前端 | S71: v0.4 | T71: 建议排期 | U71: 46311 | X71: 可从导航进入；核心信息完整；关键交互可操作；数据在相关页面间保持一致。 | Y71: 需确认部门共识与设计稿；仅模拟核心流程，不建设真实后端。 | Z71: 待评审范围与负责人。 | AA71: 未开始 | AC71: 46246
A72: DEMO-068 | B72: 部署管理 | C72: 环境参数 | D72: 环境参数与差异对比 | E72: 新功能 | F72: 否 | G72: Demo 模拟 | H72: 展示不同环境配置及差异，降低发布沟通成本。 | I72: 跨部门推广规划 | J72: 研发、测试、运维 | K72: P1 | L72: 已规划 | M72: L0 占位可达 | N72: L3 数据联动 | O72: 当前导航可达，使用通用占位页面。 | P72: 补齐关键场景、示例数据和核心交互。 | Q72: 待认领 | R72: 产品、设计、前端 | S72: v0.4 | T72: 建议排期 | U72: 46311 | X72: 可从导航进入；核心信息完整；关键交互可操作；数据在相关页面间保持一致。 | Y72: 需确认部门共识与设计稿；仅模拟核心流程，不建设真实后端。 | Z72: 待评审范围与负责人。 | AA72: 未开始 | AC72: 46246
A73: DEMO-069 | B73: 部署管理 | C73: 发布历史 | D73: 发布历史与结果详情 | E73: 新功能 | F73: 否 | G73: Demo 模拟 | H73: 按应用和环境追踪发布版本、发起人、耗时和结果。 | I73: 跨部门推广规划 | J73: 研发、测试、运维 | K73: P1 | L73: 已规划 | M73: L0 占位可达 | N73: L3 数据联动 | O73: 当前导航可达，使用通用占位页面。 | P73: 补齐关键场景、示例数据和核心交互。 | Q73: 待认领 | R73: 产品、设计、前端 | S73: v0.4 | T73: 建议排期 | U73: 46311 | X73: 可从导航进入；核心信息完整；关键交互可操作；数据在相关页面间保持一致。 | Y73: 需确认部门共识与设计稿；仅模拟核心流程，不建设真实后端。 | Z73: 待评审范围与负责人。 | AA73: 未开始 | AC73: 46246
A74: DEMO-070 | B74: 部署管理 | C74: 环境管理 | D74: 环境列表与资源概况 | E74: 新功能 | F74: 否 | G74: Demo 模拟 | H74: 集中查看环境类型、资源、状态和所属应用。 | I74: 跨部门推广规划 | J74: 测试、运维 | K74: P2 | L74: 已规划 | M74: L0 占位可达 | N74: L3 数据联动 | O74: 当前导航可达，使用通用占位页面。 | P74: 补齐关键场景、示例数据和核心交互。 | Q74: 待认领 | R74: 产品、设计、前端 | S74: v0.4 | T74: 建议排期 | U74: 46311 | W74: http://127.0.0.1:5173/demo/#/projects/lighting/deployments/environments | X74: 可从导航进入；核心信息完整；关键交互可操作；数据在相关页面间保持一致。 | Y74: 需确认部门共识与设计稿；仅模拟核心流程，不建设真实后端。 | Z74: 待评审范围与负责人。 | AA74: 未开始 | AC74: 46246
A75: DEMO-071 | B75: 部署管理 | C75: 部署操作 | D75: 部署日志、验证与回滚 | E75: 新功能 | F75: 是 | G75: Demo 模拟 | H75: 展示失败定位、发布验证和回滚路径。 | I75: 跨部门推广规划 | J75: 研发、测试、运维 | K75: P0 | L75: 已规划 | M75: L0 占位可达 | N75: L4 端到端叙事 | O75: 当前导航可达，使用通用占位页面。 | P75: 补齐关键场景、示例数据和核心交互。 | Q75: 待认领 | R75: 产品、设计、前端 | S75: v1.0 | T75: 建议排期 | U75: 46325 | X75: 可从导航进入；核心信息完整；关键交互可操作；数据在相关页面间保持一致。 | Y75: 需确认部门共识与设计稿；仅模拟核心流程，不建设真实后端。 | Z75: 待评审范围与负责人。 | AA75: 未开始 | AC75: 46246
A76: DEMO-072 | B76: 测试管理 | C76: 测试计划 | D76: 测试计划列表与详情 | E76: 新功能 | F76: 是 | G76: Demo 模拟 | H76: 按版本组织测试范围、负责人、周期和进度。 | I76: 跨部门推广规划 | J76: 测试、产品、研发 | K76: P1 | L76: 已规划 | M76: L0 占位可达 | N76: L3 数据联动 | O76: 当前导航可达，使用通用占位页面。 | P76: 补齐关键场景、示例数据和核心交互。 | Q76: 待认领 | R76: 产品、设计、前端 | S76: v0.4 | T76: 建议排期 | U76: 46311 | W76: http://127.0.0.1:5173/demo/#/projects/lighting/testing/plans | X76: 可从导航进入；核心信息完整；关键交互可操作；数据在相关页面间保持一致。 | Y76: 需确认部门共识与设计稿；仅模拟核心流程，不建设真实后端。 | Z76: 待评审范围与负责人。 | AA76: 未开始 | AC76: 46246
A77: DEMO-073 | B77: 测试管理 | C77: 测试用例 | D77: 测试用例库与步骤详情 | E77: 新功能 | F77: 否 | G77: Demo 模拟 | H77: 展示前置条件、步骤、预期结果和关联需求。 | I77: 跨部门推广规划 | J77: 测试、产品、研发 | K77: P1 | L77: 已规划 | M77: L0 占位可达 | N77: L3 数据联动 | O77: 当前导航可达，使用通用占位页面。 | P77: 补齐关键场景、示例数据和核心交互。 | Q77: 待认领 | R77: 产品、设计、前端 | S77: v0.4 | T77: 建议排期 | U77: 46311 | W77: http://127.0.0.1:5173/demo/#/projects/lighting/testing/cases | X77: 可从导航进入；核心信息完整；关键交互可操作；数据在相关页面间保持一致。 | Y77: 需确认部门共识与设计稿；仅模拟核心流程，不建设真实后端。 | Z77: 待评审范围与负责人。 | AA77: 未开始 | AC77: 46246
A78: DEMO-074 | B78: 测试管理 | C78: 测试执行 | D78: 执行记录与结果 | E78: 新功能 | F78: 否 | G78: Demo 模拟 | H78: 记录测试执行、通过率、失败原因和证据。 | I78: 跨部门推广规划 | J78: 测试、质量 | K78: P1 | L78: 已规划 | M78: L0 占位可达 | N78: L3 数据联动 | O78: 当前导航可达，使用通用占位页面。 | P78: 补齐关键场景、示例数据和核心交互。 | Q78: 待认领 | R78: 产品、设计、前端 | S78: v0.4 | T78: 建议排期 | U78: 46311 | X78: 可从导航进入；核心信息完整；关键交互可操作；数据在相关页面间保持一致。 | Y78: 需确认部门共识与设计稿；仅模拟核心流程，不建设真实后端。 | Z78: 待评审范围与负责人。 | AA78: 未开始 | AC78: 46246
A79: DEMO-075 | B79: 测试管理 | C79: 测试缺陷 | D79: 缺陷列表、详情与回归状态 | E79: 新功能 | F79: 否 | G79: Demo 模拟 | H79: 跟踪缺陷优先级、修复版本和回归结果。 | I79: 跨部门推广规划 | J79: 测试、研发、产品 | K79: P1 | L79: 已规划 | M79: L0 占位可达 | N79: L3 数据联动 | O79: 当前导航可达，使用通用占位页面。 | P79: 补齐关键场景、示例数据和核心交互。 | Q79: 待认领 | R79: 产品、设计、前端 | S79: v0.4 | T79: 建议排期 | U79: 46311 | W79: http://127.0.0.1:5173/demo/#/projects/lighting/testing/defects | X79: 可从导航进入；核心信息完整；关键交互可操作；数据在相关页面间保持一致。 | Y79: 需确认部门共识与设计稿；仅模拟核心流程，不建设真实后端。 | Z79: 待评审范围与负责人。 | AA79: 未开始 | AC79: 46246
A80: DEMO-076 | B80: 测试管理 | C80: 测试报告 | D80: 版本测试报告 | E80: 新功能 | F80: 否 | G80: Demo 模拟 | H80: 汇总计划、执行、缺陷和风险，支持发布决策。 | I80: 跨部门推广规划 | J80: 测试、质量、项目管理 | K80: P2 | L80: 已规划 | M80: L0 占位可达 | N80: L3 数据联动 | O80: 当前导航可达，使用通用占位页面。 | P80: 补齐关键场景、示例数据和核心交互。 | Q80: 待认领 | R80: 产品、设计、前端 | S80: v1.0 | T80: 建议排期 | U80: 46325 | X80: 可从导航进入；核心信息完整；关键交互可操作；数据在相关页面间保持一致。 | Y80: 需确认部门共识与设计稿；仅模拟核心流程，不建设真实后端。 | Z80: 待评审范围与负责人。 | AA80: 未开始 | AC80: 46246
A81: DEMO-077 | B81: 协作推广 | C81: 路线图 | D81: 全部功能路线图 | E81: 协作治理 | F81: 否 | G81: Demo 模拟 | H81: 统一追踪现有能力、未来计划、状态、负责人、依赖和验收结果。 | I81: 跨部门推广规划 | J81: 全体部门 | K81: P0 | L81: 已完成 | M81: L2 可交互 | N81: L2 可交互 | O81: 已生成 Excel 初版，包含主表、仪表盘、里程碑、字段说明和枚举字典。 | P81: 组织首次评审，确认负责人、优先级和计划版本。 | Q81: Demo 运营 | R81: 各部门代表 | S81: v0.1 | T81: 已确认 | U81: 46246 | X81: 路线图覆盖现有导航与规划模块；字段可筛选；状态和优先级有统一枚举；每条功能有验收标准。 | Y81: 负责人和排期仍需部门评审确认。 | Z81: 初版已生成。 | AA81: 通过 | AB81: 46246 | AC81: 46246
A82: DEMO-078 | B82: 协作推广 | C82: 评审机制 | D82: 双周路线图评审 | E82: 协作治理 | F82: 否 | G82: 协作机制 | H82: 定期确认新增诉求、优先级、阻塞和验收结果。 | I82: 跨部门推广规划 | J82: 全体部门 | K82: P0 | L82: 已规划 | M82: L0 占位可达 | N82: L2 可交互 | O82: 当前导航可达，使用通用占位页面。 | P82: 补齐关键场景、示例数据和核心交互。 | Q82: Demo 运营 | R82: 产品、设计、研发、测试、运维、业务代表 | S82: v0.2 | T82: 建议排期 | U82: 46262 | X82: 形成固定会议节奏；每次更新路线图状态、负责人、排期与结论；超期项有原因。 | Y82: 需确认部门共识与设计稿；仅模拟核心流程，不建设真实后端。 | Z82: 待评审范围与负责人。 | AA82: 未开始 | AC82: 46246
A83: DEMO-079 | B83: 协作推广 | C83: 试点 | D83: 跨部门试点与反馈复盘 | E83: 协作治理 | F83: 是 | G83: 协作机制 | H83: 验证 Demo 是否能支撑需求讨论、设计评审和研发流程沟通。 | I83: 跨部门推广规划 | J83: 全体部门 | K83: P0 | L83: 已规划 | M83: L0 占位可达 | N83: L4 端到端叙事 | O83: 当前导航可达，使用通用占位页面。 | P83: 补齐关键场景、示例数据和核心交互。 | Q83: Demo 运营 | R83: 各部门代表 | S83: v1.0 | T83: 建议排期 | U83: 46325 | X83: 至少完成 3 个部门试点；收集任务完成率、关键问题和满意度；形成下一版改进清单。 | Y83: 需确认部门共识与设计稿；仅模拟核心流程，不建设真实后端。 | Z83: 待评审范围与负责人。 | AA83: 未开始 | AC83: 46246
A84: DEMO-080 | B84: 协作推广 | C84: 数据标准 | D84: 示例数据命名与一致性规范 | E84: 数据完善 | F84: 否 | G84: 数据规范 | H84: 避免新增页面出现时间、人员、编号和对象关系互相矛盾。 | I84: 跨部门推广规划 | J84: 产品、设计、研发 | K84: P0 | L84: 已规划 | M84: L0 占位可达 | N84: L3 数据联动 | O84: 当前导航可达，使用通用占位页面。 | P84: 补齐关键场景、示例数据和核心交互。 | Q84: Demo 小组 | R84: 产品、设计、前端 | S84: v0.2 | T84: 建议排期 | U84: 46262 | X84: 定义人员、项目、仓库、需求、流水线、制品、部署和测试对象的唯一编号与关联规则。 | Y84: 需确认部门共识与设计稿；仅模拟核心流程，不建设真实后端。 | Z84: 待评审范围与负责人。 | AA84: 未开始 | AC84: 46246

Sheet 枚举字典
A1: 状态 | B1: 优先级 | C1: 类型 | D1: 核心演示路径 | E1: 实现边界 | F1: 成熟度 | G1: 排期状态 | H1: 验收结果
A2: 待评估 | B2: P0 | C2: 现有能力 | D2: 是 | E2: 静态展示 | F2: L0 占位可达 | G2: 已确认 | H2: 未开始
A3: 已规划 | B3: P1 | C3: 新功能 | D3: 否 | E3: UI 交互 | F3: L1 静态展示 | G3: 建议排期 | H3: 待验收
A4: 设计中 | B4: P2 | C4: 体验优化 | E4: UI 交互 + 本地状态 | F4: L2 可交互 | G4: 待排期 | H4: 通过
A5: 开发中 | B5: P3 | C5: 数据完善 | E5: UI 交互 + 数据联动 | F5: L3 数据联动 | G5: 不排期 | H5: 需修改
A6: 待验收 | C6: 内容补充 | E6: Demo 模拟 | F6: L4 端到端叙事 | H6: 不适用
A7: 已完成 | C7: Bug | E7: 协作机制
A8: 已暂停 | C8: 协作治理 | E8: 数据规范
A9: 不采纳

Sheet 里程碑
A1: Vision Demo 建议里程碑
A2: v0.2 及以后日期为初版建议，需要在路线图评审中确认。
A4: 版本 | B4: 主题 | C4: 建议完成时间 | D4: 排期状态 | E4: 主要范围 | F4: 里程碑验收目标
A5: v0.1 | B5: 仓库场景基线 | C5: 46246 | D5: 已完成 | E5: 项目壳层、统一仓库数据、文件浏览、追溯、历史、提交、分支、标签、合并请求列表、应用管理基础。 | F5: 形成可用于内部评审的代码仓库主路径。
A6: v0.2 | B6: 仓库评审闭环 | C6: 46262 | D6: 建议排期 | E6: 提交详情、文件 diff、合并请求详情、协作反馈、使用指南、数据标准。 | F6: 仓库从浏览扩展到变更评审闭环。
A7: v0.3 | B7: 研发协同链路 | C7: 46283 | D7: 建议排期 | E7: 需求列表与详情、代码质量、流水线列表与运行详情、新建合并请求。 | F7: 打通需求—代码—构建的核心叙事。
A8: v0.4 | B8: 交付与验证链路 | C8: 46311 | D8: 建议排期 | E8: 制品、部署编排、环境、测试计划、用例、缺陷与发布历史。 | F8: 打通构建—制品—部署—测试。
A9: v1.0 | B9: 跨部门试点版 | C9: 46325 | D9: 建议排期 | E9: 端到端追溯、关键统计、治理能力、试点反馈闭环。 | F9: 支持多个部门围绕同一 Demo 独立沟通协作。

Sheet 字段说明
A1: 路线图字段说明
A2: 字段以跨部门可理解、可筛选、可验收为原则。
A4: 字段 | B4: 建议类型 | C4: 填写说明 | D4: 要求
A5: 功能编号 | B5: 自动编号 | C5: 稳定引用功能条目，会议和反馈中优先使用编号。 | D5: 必填
A6: 一级模块 | B6: 单选 | C6: 项目级能力域，如代码仓库、流水线、部署管理。 | D6: 必填
A7: 二级模块 | B7: 单选／文本 | C7: 一级模块下的功能分区。 | D7: 必填
A8: 功能名称 | B8: 单行文本 | C8: 使用动宾结构，描述明确可验收的能力。 | D8: 必填
A9: 类型 | B9: 单选 | C9: 区分现有能力、新功能、体验优化、数据完善等。 | D9: 必填
A10: 核心演示路径 | B10: 是／否 | C10: 是否属于跨部门演示必须打通的主路径。 | D10: 必填
A11: 实现边界 | B11: 单选 | C11: 明确仅做静态、交互、数据联动或协作机制，防止演变成真实后台项目。 | D11: 必填
A12: 使用场景与价值 | B12: 多行文本 | C12: 解释该功能帮助谁完成什么沟通任务。 | D12: 必填
A13: 需求来源 | B13: 文本 | C13: 记录设计稿、现有实现、部门诉求或路线图规划。 | D13: 建议
A14: 需求部门 | B14: 多选文本 | C14: 标识关注和受益部门，用中文顿号分隔。 | D14: 建议
A15: 优先级 | B15: 单选 | C15: P0 主路径阻塞；P1 高价值；P2 增强；P3 可延后。 | D15: 必填
... A33: 最后更新时间 | B33: 自动日期 | C33: 判断信息是否陈旧。 | D33: 必填
